Model/scenario,Protocol,Seed,Position RMSE (mm),Position p95 (mm),Orientation RMSE (deg),Orientation p95 (deg),Ghi chú/định nghĩa
Paper simulated: helix fixed,Paper simulation,—,1.85,—,2.81,—,Paper direction RMSE; not SO(3)
Paper optimization: helix fixed,Paper simulation,—,2.88,—,3.31,—,Paper Table I baseline
Paper simulated: helix varying,Paper simulation,—,1.54,—,4.81,—,Paper direction RMSE; not SO(3)
Paper optimization: helix varying,Paper simulation,—,60.91,—,52.71,—,Paper Table I baseline
Paper simulated: random varying,Paper simulation,—,1.64,—,5.15,—,Paper direction RMSE; not SO(3)
Paper optimization: random varying,Paper simulation,—,101.75,—,57.81,—,Paper Table I baseline
Paper real,Paper real 100 pose,—,1.9,—,3.55,—,Paper direction RMSE; not SO(3)
Paper nonlinear optimization,Paper real 100 pose,—,48.85,—,68.89,—,Paper Table II baseline
Paper FCN,Paper real 100 pose,—,101.62,—,40.68,—,Paper Table II baseline
Paper KAN,Paper real 100 pose,—,68.5,—,32.17,—,Paper Table II baseline
v3.2.2 matched baseline,Our development CV,none,0.7474213429093893,2.3539413180787676,0.46022749481759273,0.8580337862126598,SO(3) metrics
v4.4 synth→real,Our development CV,42,0.6877659553162061,2.0469785990995635,0.4047798143615474,0.7383885325319437,Research-only; accuracy gate pass
v4.4 synth→real,Our development CV,7,0.7077010418781886,2.113702683995823,0.4044599444326199,0.7494547754266837,Research-only; accuracy gate pass
v4.4 synth→real,Our development CV,123,0.7020885804525165,2.0971479633067345,0.409627157297052,0.7395437185207496,Research-only; accuracy gate pass
v3.2.2,Our one-time final,deployment,1.1221639953889988,3.1046716102236984,2.3904193663574906,5.05779734580456,Selected remains
Frozen mixed v4.2,Our one-time final,42,1.233462846690755,3.4725307121462614,1.865280048038714,3.746089909438363,Rejected final
v4.4 synth→real,No valid final,42,—,—,—,—,Must wait for new sealed test
