Channel,Ground-truth pose reconstruction MAPE (%),v3.2.2 pose reconstruction MAPE (%),v4 pose reconstruction MAPE (%)
EMF1,51.1993993094398,51.56753433223097,51.18971222567207
EMF2,203.63585148629255,205.29933374980848,206.42321488220685
EMF3,246.42547438162944,244.40941632119205,240.40485302750838
EMF4,58.7610664970243,61.231856399343464,60.112497569019965
EMF5,25.35510647033204,25.200464033013414,24.09028838168458
EMF6,45.30798345247507,46.161832403264505,43.15970851145225
EMF7,158.306321871443,158.20427087553878,157.91999442480486
EMF8,27.039554773036727,26.966098974010354,27.82356109551668
EMF9,139.67231476573062,145.3548508141232,137.36867043926787
