date,version,change,position_axis_rmse_mm,orientation_so3_rmse_deg,position_p95_mm,orientation_p95_deg,cpu_p95_ms,gpu_p95_ms,test_status,decision
2026-08-02,v3.0-w3-seed42,"raw causal W3 seed42; three-fold cross-session CV",0.799388,0.438978,2.321076,0.752298,0.311,,"no test predictions or metrics","superseded"
2026-08-02,v3.1-crossfeature,"mean raw W3 seeds 42/7/123 for XYZ; log-ratio seed42 for orientation",0.745990,0.421893,2.092739,0.658745,1.703935,,"no test predictions or metrics","superseded"
2026-08-02,v3.2-rowtime-position-ensemble,"add unit-delta-row W3 seed42 as fourth XYZ member; never use absolute row index",0.723135,0.421893,2.066712,0.658745,2.151284,,"no test predictions or metrics","selected deployment"
2026-08-02,v3.2.1-runtime-fastpath,"same frozen v3.2 model; tensor aggregation; skip overwritten SO3 SVD; trace/freeze full ensemble; CPU thread sweep; strict CUDA selection",0.723135,0.421893,2.066712,0.658745,1.290225,,"no test predictions or metrics","superseded runtime; model weights unchanged"
2026-08-02,v3.2.2-cuda-graph-dual-runtime,"same frozen v3.2 model; host GPU discovery; CUDA TorchScript and CUDA Graph benchmark; CPU fallback retained",0.723135,0.421893,2.066712,0.658745,1.290225,0.858054,"no test predictions or metrics","selected dual runtime; model weights unchanged"
2026-08-03,v4.0-cross-generation-infrastructure,"generation-aware ingestion; timestamp/reset causal windows; calibration adapter; balanced sampler; GRU fallback; strict quality gate; realtime JSONL interface",,,,,,,"historical test and new sealed test unopened","implementation ready; no v4 metric or model selection before new data"
2026-08-04,v4.1-hybrid-direct-mixed-fold3,"fold-gated fitted physics generator; 1:1 real/synthetic direct C3 training; fold-3 pilot only",0.796631,0.498270,2.437177,0.860433,,,"cyl_rot unopened during trial","rejected; direct mixed training worse than staged transfer"
2026-08-04,v4.2-hybrid-w20-development,"C3 physics pretrain then real-only normalization-rebased fine-tune; position 0.8*v3.2.2+0.2*v4; equal rotation6D orientation mean; pooled three-fold seed42 CV",0.732697,0.358576,2.261255,0.636209,1.992323,1.422557,"passed development before one-time sealed opening","development gate accepted; frozen for final evaluation"
2026-08-04,v4.2-hybrid-w20-sealed-final,"same hash-frozen rule; no test-derived tuning; 3012-row three-session cyl_rot final",1.233463,1.865280,3.472531,3.746090,1.992323,1.422557,"cyl_rot opened exactly once; receipt recorded","rejected final: position RMSE +9.9% and p95 +11.8%; retain v3.2.2"
2026-08-04,v3.2.2-sealed-final,"unchanged frozen v3.2.2 baseline scored once on the same 3012-row cyl_rot final",1.122164,2.390419,3.104672,5.057797,1.290225,0.858054,"cyl_rot opened exactly once; no further tuning allowed","selected deployment retained by balanced final gate"
2026-08-04,report-paper-style-v1,"reporting-only analogues of paper Figs. 4/7/8/9 and Tables I/II/III; ground-truth-pose EMF reconstruction control; no training or selection",1.122164,2.390419,3.104672,5.057797,1.290225,0.858054,"uses already opened frozen cyl_rot result for reporting only","no model change; selected v3.2.2 retained"
2026-08-04,v4.3-hybrid-ratio025-development,"development-only C3 staged train with 0.25 synthetic/real; fixed seed42 and frozen w20 rule; three grouped con_rot folds",0.740104,0.358824,2.265264,0.624217,1.992323,1.422557,"cyl_rot not read or rescored; no unopened final remains","rejected: s3 SO3 p95 regression +8.08% exceeds 5% session gate"
2026-08-04,v4.3-hybrid-ratio050-development,"development-only C3 staged train with 0.50 synthetic/real; fixed seed42 and frozen w20 rule; three grouped con_rot folds",0.729814,0.379807,2.305677,0.659359,1.992323,1.422557,"cyl_rot not read or rescored; no unopened final remains","rejected: s3 SO3 p95 regression +6.13% exceeds 5% session gate"
2026-08-05,v4.4-synthetic-then-real-pos20-ori30,"107 fixed pure-synthetic C3 epochs then real-only normalization-rebased calibration; position w20; robust orientation w30; pooled grouped CV seed42",0.687766,0.404780,2.046979,0.738389,2.164829,1.723428,"cyl_rot not read or rescored; research checkpoint only; no unopened final remains","accuracy/session gates pass for seeds 42/7/123; deployment rejected because GPU p95 exceeds 1.5 ms and no new sealed test"
2026-08-05,report-full-paper-comparison-v2,"reporting-only 30-item audit; 13 figures; 6 tables; pipeline/architecture/leakage/data/result/runtime/physics diagrams; SHA-256 manifest",1.122164,2.390419,3.104672,5.057797,1.290225,0.858054,"reads frozen summaries only; no raw final label or final prediction rows; no selection","no model change; v3.2.2 retained; v4.4 explicitly research-only"
2026-08-06,presentation-paper-comparison-v1,"reporting-only Vietnamese 16-slide 16:9 deck; combined PDF; exact 15-18 minute script; 8-minute route; realtime and future-roadmap diagrams",1.122164,2.390419,3.104672,5.057797,1.290225,0.858054,"reads frozen report figures only; no final labels/predictions; no selection","no model change; v3.2.2 retained; v4.4 explicitly research-only"
